age_group,quantity
0-30yo,57.45454545
31-40yo,59.99375
41-50yo,61.74074074
51-60yo,60.1030303
61-70yo,59.54491018
71-80yo,60.4
